city,country,date_from,date_to,number_days,number_people_included,total_price,flights_included,acommodation_included,tours_included,main_attractions,website
Paris,France,2024-12-07,2024-12-28,21.0,1,5214,Yes,"4-star hotel Dawson, Hill and Young near the city center",No,Experience thrilling adventures and scenic landscapes,https://booker.com/paris
New York,USA,,,,1,4732,Yes,"5-star hotel Bell, Munoz and Perez near the city center",No,Discover historical sites and vibrant city life,
Tokyo,Japan,,,,2,2206,No,No,No,Discover historical sites and vibrant city life,
Sydney,Australia,,,,6,7398,No,No,Wife tour + Ground experience,Explore iconic landmarks and enjoy cultural experiences,https://bright.com/sydney
Rio de Janeiro,Brazil,,,,5,5305,No,No,Occur tour + Them experience,Discover historical sites and vibrant city life,https://anderson.org/rio de janeiro
Cape Town,South Africa,2024-12-07,2024-12-17,10.0,5,2338,Yes,"5-star hotel Leblanc, Torres and Perez near the city center",City sightseeing + museum pass,Relax at beautiful beaches and indulge in local cuisine,https://pearson-montoya.com/cape town
Dubai,UAE,2024-12-07,2024-12-21,14.0,3,1174,No,No,No,Explore iconic landmarks and enjoy cultural experiences,
Barcelona,Spain,,,,1,6237,Yes,No,Back tour + Resource experience,Discover historical sites and vibrant city life,
Rome,Italy,,,,2,6284,No,3-star hotel Fisher Ltd near the city center,No,Explore iconic landmarks and enjoy cultural experiences,
Bangkok,Thailand,2024-12-07,2024-12-28,21.0,5,9500,No,No,City sightseeing + museum pass,Experience thrilling adventures and scenic landscapes,https://gomez.com/bangkok
Michaelfort,Malta,2024-12-07,2024-12-17,10.0,3,8857,Yes,No,No,Relax at beautiful beaches and indulge in local cuisine,
Danielview,Hong Kong,,,,1,4612,Yes,"3-star hotel Wolfe, Castaneda and Blake near the city center",City sightseeing + museum pass,Explore iconic landmarks and enjoy cultural experiences,https://kim-shah.org/danielview
South Michaelborough,United Arab Emirates,2024-12-07,2024-12-21,14.0,3,6350,Yes,4-star hotel Miller-Cunningham near the city center,Item tour + Recently experience,Relax at beautiful beaches and indulge in local cuisine,https://torres-johnston.com/south michaelborough
Danielport,Nepal,,,,3,6397,Yes,3-star hotel Tucker Ltd near the city center,Rise tour + Member experience,Discover historical sites and vibrant city life,https://wells-swanson.net/danielport
Andreafurt,Cocos (Keeling) Islands,,,,6,5380,No,3-star hotel Porter Inc near the city center,No,Experience thrilling adventures and scenic landscapes,https://jenkins-hernandez.com/andreafurt
Daviesmouth,Australia,2024-12-07,2024-12-28,21.0,1,7357,No,No,Seem tour + Left experience,Explore iconic landmarks and enjoy cultural experiences,
West Robinville,Antarctica (the territory South of 60 deg S),,,,4,2383,Yes,No,Force tour + Especially experience,Relax at beautiful beaches and indulge in local cuisine,
East Annastad,Bhutan,2024-12-07,2024-12-17,10.0,1,3515,Yes,"5-star hotel Jones, Johnson and Moore near the city center",No,Relax at beautiful beaches and indulge in local cuisine,
Port Ritashire,Sudan,,,,2,791,Yes,3-star hotel Clements Group near the city center,No,Relax at beautiful beaches and indulge in local cuisine,https://bailey.com/port ritashire
Erinberg,Brazil,2024-12-07,2024-12-28,21.0,2,2367,Yes,3-star hotel Le-Walls near the city center,Six tour + Specific experience,Relax at beautiful beaches and indulge in local cuisine,
North Steven,Tokelau,2024-12-07,2024-12-21,14.0,1,1057,No,"3-star hotel Carpenter, Nelson and Ochoa near the city center",City sightseeing + museum pass,Experience thrilling adventures and scenic landscapes,https://lee.com/north steven
East Tracy,Jersey,2024-12-07,2024-12-17,10.0,4,9656,No,No,Garden tour + Activity experience,Discover historical sites and vibrant city life,
Escobarchester,Cuba,2024-12-07,2024-12-28,21.0,6,520,Yes,5-star hotel Mcgee-Rodriguez near the city center,No,Relax at beautiful beaches and indulge in local cuisine,https://walters.info/escobarchester
West Mary,Kazakhstan,,,,1,6493,No,No,City sightseeing + museum pass,Relax at beautiful beaches and indulge in local cuisine,
Port Randall,Croatia,,,,1,2971,Yes,5-star hotel James-Williams near the city center,Under tour + Return experience,Explore iconic landmarks and enjoy cultural experiences,
Payneborough,Turkmenistan,,,,5,1610,Yes,No,No,Relax at beautiful beaches and indulge in local cuisine,
Hilltown,Cambodia,,,,2,4404,No,4-star hotel Jones Inc near the city center,City sightseeing + museum pass,Explore iconic landmarks and enjoy cultural experiences,https://castro.com/hilltown
Grossport,Jordan,,,,5,9765,No,No,City sightseeing + museum pass,Explore iconic landmarks and enjoy cultural experiences,
Contrerasberg,Congo,,,,3,8510,Yes,No,Street tour + Drop experience,Experience thrilling adventures and scenic landscapes,
North Isaacchester,Korea,,,,2,5147,Yes,5-star hotel Yang-Caldwell near the city center,No,Discover historical sites and vibrant city life,
New Kayla,Aruba,2024-12-07,2024-12-17,10.0,1,5273,No,4-star hotel Garcia LLC near the city center,City sightseeing + museum pass,Experience thrilling adventures and scenic landscapes,
North Michellemouth,Taiwan,2024-12-07,2024-12-17,10.0,6,9036,Yes,3-star hotel Nelson-Bright near the city center,City sightseeing + museum pass,Discover historical sites and vibrant city life,
Kathleenberg,Papua New Guinea,2024-12-07,2024-12-28,21.0,4,4366,Yes,No,Describe tour + Citizen experience,Explore iconic landmarks and enjoy cultural experiences,https://rogers.com/kathleenberg
Lake Morgan,Lesotho,,,,1,2062,Yes,No,Push tour + Right experience,Relax at beautiful beaches and indulge in local cuisine,
North Jason,Hong Kong,,,,3,1012,Yes,3-star hotel Brennan PLC near the city center,No,Experience thrilling adventures and scenic landscapes,
Mejiaville,Cameroon,,,,3,4451,No,No,City sightseeing + museum pass,Explore iconic landmarks and enjoy cultural experiences,https://moore.info/mejiaville
East Davidland,Kuwait,,,,6,6695,Yes,5-star hotel Ball Inc near the city center,Talk tour + Provide experience,Discover historical sites and vibrant city life,https://decker-kelly.com/east davidland
West Brandy,Lebanon,,,,3,6406,No,"3-star hotel Stone, Lynn and Rangel near the city center",Common tour + After experience,Discover historical sites and vibrant city life,
West Sandy,Iraq,2024-12-07,2024-12-21,14.0,2,5082,Yes,3-star hotel Sandoval and Sons near the city center,City sightseeing + museum pass,Explore iconic landmarks and enjoy cultural experiences,
Christophershire,Zimbabwe,,,,4,3018,Yes,No,City sightseeing + museum pass,Experience thrilling adventures and scenic landscapes,https://taylor-rios.com/christophershire
New Paula,Nigeria,,,,2,6149,Yes,No,City sightseeing + museum pass,Experience thrilling adventures and scenic landscapes,https://wallace-parks.com/new paula
New Joshua,Seychelles,2024-12-07,2024-12-17,10.0,3,3688,No,4-star hotel Shelton-Mcintosh near the city center,No,Explore iconic landmarks and enjoy cultural experiences,
Lake Dawnland,Afghanistan,2024-12-07,2024-12-21,14.0,3,2316,Yes,4-star hotel Hoffman-Baxter near the city center,City sightseeing + museum pass,Discover historical sites and vibrant city life,
West Arthurville,Libyan Arab Jamahiriya,2024-12-07,2024-12-21,14.0,4,7104,Yes,No,No,Relax at beautiful beaches and indulge in local cuisine,https://morris.com/west arthurville
East Paul,Mauritius,2024-12-07,2024-12-28,21.0,6,4598,No,No,No,Discover historical sites and vibrant city life,https://hicks.com/east paul
Lake Susanstad,Angola,,,,5,9332,Yes,"4-star hotel Harris, Estes and Guzman near the city center",City sightseeing + museum pass,Explore iconic landmarks and enjoy cultural experiences,https://hinton.com/lake susanstad
Lake James,Cape Verde,,,,2,6758,No,4-star hotel Mccoy and Sons near the city center,No,Experience thrilling adventures and scenic landscapes,https://thornton.org/lake james
Vaughanside,Bouvet Island (Bouvetoya),2024-12-07,2024-12-28,21.0,5,8718,No,No,No,Discover historical sites and vibrant city life,https://lawrence.net/vaughanside
West Stevehaven,Suriname,,,,4,9656,Yes,4-star hotel Cruz-Miller near the city center,No,Explore iconic landmarks and enjoy cultural experiences,https://hill.com/west stevehaven
North Rebecca,Jordan,2024-12-07,2024-12-17,10.0,3,8858,No,No,No,Relax at beautiful beaches and indulge in local cuisine,https://taylor.com/north rebecca
Lake Kathleenview,Thailand,2024-12-07,2024-12-28,21.0,1,3811,Yes,4-star hotel Frank-Wright near the city center,Modern tour + Bit experience,Relax at beautiful beaches and indulge in local cuisine,https://ortiz-smith.com/lake kathleenview
New Richardhaven,Pitcairn Islands,2024-12-07,2024-12-17,10.0,2,7190,No,4-star hotel Smith-Barnett near the city center,City sightseeing + museum pass,Experience thrilling adventures and scenic landscapes,
North Carlyton,Albania,2024-12-07,2024-12-21,14.0,5,6464,No,"4-star hotel Green, Hill and Stewart near the city center",He tour + Sell experience,Explore iconic landmarks and enjoy cultural experiences,
South Vincent,Cocos (Keeling) Islands,,,,3,5108,Yes,"3-star hotel Contreras, Jones and Smith near the city center",Scientist tour + Mention experience,Explore iconic landmarks and enjoy cultural experiences,
South Timothy,Faroe Islands,,,,2,5740,No,"3-star hotel Munoz, Yu and Gray near the city center",Consumer tour + Sense experience,Explore iconic landmarks and enjoy cultural experiences,
Camposburgh,Angola,2024-12-07,2024-12-28,21.0,5,5043,Yes,No,No,Discover historical sites and vibrant city life,https://elliott.biz/camposburgh
Dillonberg,Martinique,2024-12-07,2024-12-17,10.0,5,6141,Yes,"4-star hotel Li, Rodriguez and Wilson near the city center",Raise tour + Other experience,Explore iconic landmarks and enjoy cultural experiences,https://nguyen-nixon.biz/dillonberg
Moralesside,Papua New Guinea,,,,3,1114,Yes,3-star hotel Kennedy and Sons near the city center,Hand tour + Describe experience,Experience thrilling adventures and scenic landscapes,https://wilson-torres.com/moralesside
Lake Kayla,Iran,2024-12-07,2024-12-28,21.0,6,8428,No,No,City sightseeing + museum pass,Relax at beautiful beaches and indulge in local cuisine,
Watkinsfurt,Germany,,,,1,9530,Yes,No,City sightseeing + museum pass,Explore iconic landmarks and enjoy cultural experiences,
West Jeffrey,Iran,,,,4,650,No,"5-star hotel Richardson, Brady and Valencia near the city center",City sightseeing + museum pass,Explore iconic landmarks and enjoy cultural experiences,https://king.info/west jeffrey
New Rachel,Guatemala,2024-12-07,2024-12-21,14.0,2,8047,Yes,3-star hotel Warner-Ochoa near the city center,Century tour + Attention experience,Experience thrilling adventures and scenic landscapes,https://chapman-cruz.com/new rachel
Lake Reneeshire,Sao Tome and Principe,2024-12-07,2024-12-17,10.0,1,901,Yes,No,No,Discover historical sites and vibrant city life,https://rose.com/lake reneeshire
Mcknightchester,Mexico,2024-12-07,2024-12-17,10.0,1,8246,No,3-star hotel Price-Mason near the city center,Once tour + Practice experience,Experience thrilling adventures and scenic landscapes,https://miller.com/mcknightchester
Riosshire,Tajikistan,2024-12-07,2024-12-21,14.0,5,8811,No,No,No,Relax at beautiful beaches and indulge in local cuisine,https://morris-ferguson.com/riosshire
Davidton,Togo,,,,5,6550,No,No,Hand tour + Which experience,Relax at beautiful beaches and indulge in local cuisine,
New Claudialand,Portugal,,,,3,2802,No,No,Success tour + Identify experience,Experience thrilling adventures and scenic landscapes,
Ashleyberg,Armenia,,,,4,5573,Yes,"5-star hotel Hampton, Robinson and Hancock near the city center",No,Relax at beautiful beaches and indulge in local cuisine,
New Johnside,Morocco,2024-12-07,2024-12-28,21.0,6,5667,No,No,Growth tour + Girl experience,Relax at beautiful beaches and indulge in local cuisine,
New Erikbury,Micronesia,2024-12-07,2024-12-28,21.0,4,7796,No,"3-star hotel Daniel, Hall and Lane near the city center",No,Explore iconic landmarks and enjoy cultural experiences,
East Timothy,Swaziland,2024-12-07,2024-12-21,14.0,6,2716,No,No,Meet tour + Ahead experience,Relax at beautiful beaches and indulge in local cuisine,
South Meganborough,Japan,2024-12-07,2024-12-21,14.0,5,3598,Yes,No,Before tour + Research experience,Explore iconic landmarks and enjoy cultural experiences,https://wilson.com/south meganborough
Jeffreyburgh,Lebanon,2024-12-07,2024-12-17,10.0,5,9354,Yes,No,City sightseeing + museum pass,Discover historical sites and vibrant city life,
South Brandymouth,Sweden,2024-12-07,2024-12-28,21.0,2,5963,No,No,City sightseeing + museum pass,Relax at beautiful beaches and indulge in local cuisine,https://nunez.biz/south brandymouth
South Bob,Nepal,2024-12-07,2024-12-21,14.0,6,8628,Yes,"5-star hotel Russell, Mendez and Gonzales near the city center",City sightseeing + museum pass,Relax at beautiful beaches and indulge in local cuisine,https://collins-henderson.com/south bob
Wendyport,Papua New Guinea,,,,2,3604,Yes,3-star hotel Walsh PLC near the city center,No,Relax at beautiful beaches and indulge in local cuisine,https://whitaker.biz/wendyport
New Kristi,Vanuatu,,,,6,6429,Yes,No,City sightseeing + museum pass,Relax at beautiful beaches and indulge in local cuisine,
Reyestown,Mali,,,,3,3091,Yes,No,City sightseeing + museum pass,Explore iconic landmarks and enjoy cultural experiences,https://rogers.com/reyestown
Feliciamouth,Sao Tome and Principe,,,,2,3844,No,5-star hotel White-Bryan near the city center,No,Explore iconic landmarks and enjoy cultural experiences,
Port Katelynville,Spain,2024-12-07,2024-12-28,21.0,5,2814,No,3-star hotel Shea-Cordova near the city center,No,Explore iconic landmarks and enjoy cultural experiences,
Aguilarville,Saint Helena,,,,3,8728,Yes,5-star hotel Church Inc near the city center,City sightseeing + museum pass,Relax at beautiful beaches and indulge in local cuisine,
Lauraview,Brazil,,,,5,9323,Yes,No,City sightseeing + museum pass,Relax at beautiful beaches and indulge in local cuisine,
Amandaborough,Puerto Rico,2024-12-07,2024-12-28,21.0,1,9704,Yes,No,City sightseeing + museum pass,Relax at beautiful beaches and indulge in local cuisine,
Grossfort,Estonia,,,,6,8323,Yes,4-star hotel Bell-Guerra near the city center,City sightseeing + museum pass,Relax at beautiful beaches and indulge in local cuisine,
Jessicamouth,Turkmenistan,2024-12-07,2024-12-17,10.0,5,7345,No,5-star hotel Ellis-Lopez near the city center,City sightseeing + museum pass,Discover historical sites and vibrant city life,https://hughes-goodwin.info/jessicamouth
Lake Donaldton,Tuvalu,,,,6,9299,No,4-star hotel Edwards-Lewis near the city center,City sightseeing + museum pass,Relax at beautiful beaches and indulge in local cuisine,
Lake Ross,Saint Vincent and the Grenadines,2024-12-07,2024-12-21,14.0,6,3522,Yes,"4-star hotel Garrett, Holmes and Curtis near the city center",City sightseeing + museum pass,Experience thrilling adventures and scenic landscapes,https://wiley.org/lake ross
South Randalltown,Turkey,,,,4,6924,Yes,3-star hotel Hebert-May near the city center,Can tour + Nearly experience,Discover historical sites and vibrant city life,https://byrd-greene.com/south randalltown
East Toddburgh,Grenada,2024-12-07,2024-12-17,10.0,2,8931,No,"3-star hotel Richard, Baker and Webb near the city center",No,Relax at beautiful beaches and indulge in local cuisine,
West Katherineside,Sri Lanka,,,,4,8561,No,No,Dark tour + Position experience,Discover historical sites and vibrant city life,
Millstown,Niue,2024-12-07,2024-12-28,21.0,6,4438,Yes,5-star hotel Conley-Lopez near the city center,Matter tour + Late experience,Relax at beautiful beaches and indulge in local cuisine,
New Margaretburgh,Saint Vincent and the Grenadines,2024-12-07,2024-12-21,14.0,4,4018,No,5-star hotel Smith PLC near the city center,No,Relax at beautiful beaches and indulge in local cuisine,
Kellyland,Lebanon,2024-12-07,2024-12-21,14.0,1,8162,Yes,3-star hotel Roach LLC near the city center,Both tour + Write experience,Discover historical sites and vibrant city life,https://martin-miller.com/kellyland
North William,Philippines,2024-12-07,2024-12-21,14.0,5,2953,Yes,3-star hotel Rodriguez-Robinson near the city center,City sightseeing + museum pass,Explore iconic landmarks and enjoy cultural experiences,https://taylor-norman.com/north william
South Sandra,Panama,2024-12-07,2024-12-21,14.0,4,3706,Yes,No,City sightseeing + museum pass,Discover historical sites and vibrant city life,https://robinson.com/south sandra
Arellanochester,Morocco,,,,6,5569,No,4-star hotel Bird-Patrick near the city center,Local tour + Itself experience,Relax at beautiful beaches and indulge in local cuisine,https://rogers.com/arellanochester
West Steve,Tajikistan,,,,6,1352,Yes,4-star hotel Holmes-Winters near the city center,Loss tour + Allow experience,Experience thrilling adventures and scenic landscapes,https://jackson.com/west steve
South Dave,Isle of Man,2024-12-07,2024-12-28,21.0,2,9179,Yes,"4-star hotel Hernandez, Decker and Taylor near the city center",Fish tour + Ever experience,Discover historical sites and vibrant city life,
Espinozaton,Pitcairn Islands,,,,1,1879,Yes,No,No,Experience thrilling adventures and scenic landscapes,
Hughesburgh,Togo,2024-12-07,2024-12-28,21.0,5,3719,Yes,4-star hotel Jones PLC near the city center,No,Explore iconic landmarks and enjoy cultural experiences,
